{
	"Entity" : {
		"Transform" : [ 5, 1.235924, 0, 1, 0, 0.502586, 0, -0.864516, 1, 1, 1, 0, 0, 0, 0, 1, 0, 0, 0, 1, 1, 0, 0, 0, 0, 1, 
			0, 0, 0, 0, 1, 0, 0, 0, 0, 1 ],
		"Velocity" : [ 5, 1.234501, 0, 979 ],
		"Resource" : "mdl:Units/Unit_Catapult.n3",
		"Graphics ID" : 2
	}
}
