{
	"Entity" : {
		"Transform" : [ 5, 0.632441, 0, 1, 0, -0.211122, 0, 0.977372, 1, 1, 1, 0, 0, 0, 0, 1, 0, 0, 0, 1, 1, 0, 0, 0, 0, 1, 
			0, 0, 0, 0, 1, 0, 0, 0, 0, 1 ],
		"Velocity" : [ 5, 0.634732, 0, 4986 ],
		"Resource" : "mdl:Units/Unit_Catapult.n3",
		"Graphics ID" : 2
	}
}
